sentence,topic
בין עכשיו למחר בלילה.,זמן
"הפוטנציאל לבעיות יישום יוכר, אבל אף אחד לא מסכים עם זה.",בעיות יישום
המנהל לא הזכיר את נהלי ה-NES.,נהלי NES
אתה יכול לצפות במופע שמימי או לראות סרט איימקס בתיאטרון.,מופעים וסרטים
יש הסבורים שה-SEC היה צריך לנסות יותר להבהיר את כלליו.,רגולציה פיננסית
"אני לא מבינה אותך, אמרה טופנס באצילות, ""ואתה לא צודק""",תקשורת בין אישית
העונשים זהים לפגיעה בכלב.,עונשים לפגיעה בכלב
זה היה תלוי במקרה.,Not clear.
הסוכן של העין טעה והשאיר אחריו ראיות מפלילות. ,ראיות מפלילות
"הוא שקע לאט לאט לתוך האדמה, בתוך בור גדול.",בור גדול
למוזיאון הארכיאולוגי לסבוס יש אוסף טוב של חפצים ביוון.,מוזיאון הארכיאולוגי
תכשיטים עם אבנים חצי יקרות נפוצים כאן יותר.,תכשיטים חצי יקרים
הוא יכול היה להיזכר בכל פרט בסביבתו.,זיכרון סביבתי
הצעתי בתחילה סכום נמוך כדי לשכנע את המתחרים שלי שהפריט שווה מעט מאוד. ,שכנוע מתחרים
בהיתי בלי למצמץ.,Not clear.
בערך 3 מיילים במעלה החוף נמצאת העיירה הקטנה קמרה דה לובוס. ,עיירה קמרה דה לובוס
מסעו של ישו לקח אותו לאורך ויה דולורוזה.,ויה דולורוזה
המדיניות הנוכחית מקימה מסגרת מוצקה לפיתוח המוצר.,פיתוח המוצר
שמרנים מינית מתקשים לצאת מהארון לגבי ההיסטוריה שלהם.,שמרנות מינית
המצרים הקדמונים האמינו שהאנדרטה ניחנה בכוחות נבואיים.,האמונה במצרים הקדמונים
אין אוכל בחוץ.,אוכל בחוץ
"לא נכתב דבר על סיפור נאט""ו הזה.","סיפור נאט""ו"
כל המיסיונרים והיפנים המומרים שלא הביעו חרטה גורשו לאחר שאסר את פעילותם.,מיסיונרים יפנים
הקפלה נבנתה מחדש כעבור כמעט 300 שנה.,שיקום הקפלה
הנחיות המדינה והפדרליות מטילות מגבלות על תרומות. ,מגבלות על תרומות
העולם לא נגמר עכשיו.,סוף העולם
יוליוס חייך אליו חיוך רחב וצחק.,חיוך וצחוק
הם מגישים אוכל בסיסי שטעמו טוב. ,אוכל בסיסי
הכנסייה לבנה ובעלת תקרה כחולה חיוורת.,הכנסייה
תמונתו של ישו המחייך המלטף על ידי אמו נועדה לתאר תחושה של פאתוס.,תמונת ישו
הוא עדיין היה צריך לראות יותר. ,Not clear.
תמיד אפשר ללבוש ג'ינס וחולצת טי.,לבוש ג'ינס
"זה שם את ג'יגוט במקום האחרון, עם חצי נקודה פיגור. ",ג'יגוט במקום האחרון
המקום מציע מגוון של מופעים.,מופעים
היא אמרה את זה הרבה. ,Not clear.
ישנם תקני דיווח שונים עבור ביקורות עבור ארגונים ללא מטרות רווח.,תקני דיווח
הדבר שפרח היה פרח.,פרח
"ה-IRS וה-OPM כלולים בביקורת שלנו, אמר הכותב.",ביקורת על רשויות
מחר בבוקר כל הכספים יושקעו אך ורק בקרנות אינדקס וזו תהיה ההחלטה הטובה ביותר שאי פעם קיבלתי,השקעה בקרנות אינדקס
המקור נמצא במוזיאון לאמנות של ניו יורק.,מוזיאון לאמנות
פרידמן לבדו כשמדובר בתחושת בגידה.,תחושת בגידה
ניתן למצוא אתרים קלאסיים מתחת לאיראקליון לכיוון החוף הדרומי.,אתרים קלאסיים
סלזילו יצר פסלונים לחגיגות השבוע הקדוש.,פסלונים לחגיגות
רודוס הוא האי הקטן ביותר בקבוצה.,אי רודוס
הקו הישר והנקי בתרשים 6.5 ממחיש את דפוס המלאי עבור מוצרים שניתנים למילוי מחדש. ,דפוס המלאי
סרט אמריקאי עשוי להיות סרט טוב לרוב האנשים. ,סרטים אמריקאיים
הוא הגיב לשוטר.,תגובה לשוטר
רוב הקליפים באתר ה-ABC הם מהסדרה הראשונה של התוכנית.,קליפים באתר ABC
אן החכמה היתה לגמרי בולטת.,חכמה
"המחלקות לא הורשו להפיץ תקנות, נכון?",הפצת תקנות
לקתדרלה יש מעל מאה ושבעים חלונות ויטראז'. ,ויטראז' בקטדרלה
אני פועל כדי לחלץ את ישראל מאינפלציה הרסנית.,אינפלציה בישראל
מחקרי המקרה עברו ביקורת עמיתים לפני שפורסמו בכתב עת מדעי.,ביקורת עמיתים
המחבר חושב שברטולוצ'י כנה.,ברטולוצ'י כנה
לטומי אין מחברת.,מחברת של טומי
האיש הוכה בראשו עם את.,אלימות פיזית
"זה מוערך על ידי, בין שלל דברים אחרים, מספר ההזמנות של FGDs.",מספר ההזמנות
אף חלק מהתרומה שלך לא יוחזר באמצעות חיסכון במס המדינה. ,חיסכון במס
ישנם שלושה מפרצים עיקריים. ,מפרצים עיקריים
חדר האוכל היה ריק קודם לכן.,חדר האוכל
המתחם מתמקד רק באמנות יהודית. ,אמנות יהודית
"בסוף שנות ה-90, ארה""ב שיגרה סדרת תקיפות אוויריות על עיראק.",תקיפות אוויריות על עיראק
"הוא צלצל בפעמון, ואז רץ בחזרה לביתו.",צלצל בפעמון
אף אחד לא יכול היה להגיד למר בראון שהוא עומד להיות נבגד. ,בגידה
"הצלחנו להימנע מהריגת אנשים, אבל לא שיקמנו כל אזור שנחרב במלחמה.",שיקום אזורים
הוא נבנה על ידי עבדים שנשבו בקרב. ,עבדים בקרב
המעברים המיוחדים ייתנו לך חיסכון גדול יותר אם אתה נשאר שבוע או יותר. ,חיסכון גדול
החרבות היו מדהימות כל כך שהתשוקה שלי לקרב השתלטה עלי.,קרב
שניהם סירבו להראות את הנשק הגרעיני שלהם.,נשק גרעיני
בעיות סביבתיות אינן קשורות לפליטות ייצור חשמל.,בעיות סביבתיות
במדריד יש הרבה מקומות לינה זולים.,מקומות לינה
כתב העת לחשבונאות הוא פרסום חינם לחשבונאים. ,חשבונאות
השוק הוא האויב של החירות והצדק כמעט בכל חברה שהוא חלק ממנה. ,שוק וחירות
חוקי מדינה מובילים למינויים ברמת קבינט.,מינויים ברמת קבינט
רק בכירים בכירים ב-FHWA קיבלו ציפיות ביצועים. ,בכירים ב-FHWA
הפסטיבל עדיין התקיים כשיצאתי לרחובות.,פסטיבל
"טורמן וויליאמס היה צריך עזרה עם ניירת בתביעת משמורת לאחרונה, אבל לא שאל את עורך דינו.",תביעת משמורת
"האתר נמצא במרחק של 3.5 ק""מ מהעיר.",מרחק מהעיר
לורנס וג'ון היו מתעשרים שניהם בגלל ירושה.,ירושה
מתמטיקה היא חדשה. ,מתמטיקה
איפה אני אמור להודיע לך להתחיל את הספירה לאחור?,ספירה לאחור
"בנוסף, כל מרכיב בודד הקשור לעדויות אלה באופן אישי.",עדויות אישיות
זה מבריטניה הגדולה.,בריטניה הגדולה
מודל העולם לא זכה לתמיכה. ,מודל העולם
דמו הרגיש כאילו בוער מארס.,תחושת כאב
צזארי פיטלסינסקי שתק.,צזארי פיטלסינסקי
אנחנו מקווים שהבעיה המשפטית הזו תיפתר במהרה.,בעיה משפטית
הקצה הצפוני של PCH אינו ממוקם בשום מקום ליד שדרות סאנסט. ,PCH מיקום
"כן, המקום הזה מגניב.",מקום מגניב
"במערבונים, הספר של העיר היה בדרך כלל גם מנהל הדואר ובעל הסלון. ",דמות בעיר
ההכשרה לעולם אינה עם קבוצת הביטחון המרכזית.,הכשרה ביטחונית
יש מעל 500 עורכי דין על כל אדם באוכלוסייה הכללית.,עורכי דין
האמנות האיטלקית הורכבה מבתי ספר אזוריים מרובים.,האמנות האיטלקית
סוזן עדיין סירבה לדבר.,סוזן
עצמאות שבורה בין מספר חלקים.,עצמאות שבורה
"היי, אתה הולך להביא אוכל?",אוכל
דחיות אפשריות רק על נכסים ומפעלים.,נכסים ומפעלים
גם לימין יש רמות עוני עולות.,עוני לימין
"במאי האחרון, כרוניקל דיווח על התוכנית הזו לאחר שהכתב שלהם נתקל בטעות בנתונים סודיים, שנכנסו לסכנת חיים. ",תוכנית סודית
החייזר היה אפור וגובהו היה שישה רגל עם צורה אנושית.,חייזר אנושי
מה יש על השמלה היפה הזו?,שמלה יפה
"יותר אנשים אינטליגנטים נמצאים בראש הסולם החברתי, כך מאמינים.",סולם חברתי
הורדת רמת האלכוהול החוקית שווה את זה ללא ספק,הורדת רמת האלכוהול
משתמע שהכחשותיו של באואר היו מעורפלות.,הכחשות באואר
האם יש לך משהו לכתוב איתו?,כתיבה
הצד של החברה מתגמל אותך במעט ביקורת. ,תגמול על ביקורת
המדינות צריכות לספק לנו את החוויות שלהן. ,חוויות המדינות
הממשלה משלמת עבור חלק מהחוזים לבטיחות בדרכים.,בטיחות בדרכים
תוכנית הגשם החומצי היא ארגון לא ממשלתי.,תוכנית גשם חומצי
"גלידה, פירות, גבינה ופלאן לעולם לא נאכלים לקינוח. ",קינוח
רישיונות הדיג אינם זמינים ב-Directory.,רישיונות דיג
קלינטון צולם בקפיטול. ,קלינטון בקפיטול
דוחות ניתנים על סוכנויות ספציפיות.,סוכנויות ספציפיות
נמה השמיעה צהלת שמחה נרגשת.,שמחה נרגשת
הם רצו להמשיך להפעיל את המנועים לעוד שנים קדימה.,הפעלת מנועים
למוסלמים הייתה דת שונה מהאוכלוסייה המקומית.,דת מוסלמית
אנשים יחשבו עליו כפי שהם נוטים יותר.,תפיסת אנשים
"המו""לים עובדים בחינם.","מו""לים"
רוב המבקרים קונים קצת יין מדירה כדי לזכור את הטיול שלהם.,יין מדירה
המעשה היה מיותר.,מעשה מיותר
האם אתה חושב שזה כל כך פשוט?,Not clear.
זה לגבי קמפיין לנשיאות.,קמפיין נשיאות
זה חשוב לארגונים לעקוב אחר ביצועים לאורך זמן. ,ביצועים בארגונים
"טוב, אל תגיד את זה!",Not clear.
שמעתי שאתה עצוב.,רגשות עצב
ורנה וסנדורו הניחו את כלי הנשק שלהם.,כלי נשק
טומי נשם בכבדות.,נשימה
"ניתן לראות היום ערים עם שמות כמו האנוויל, קרמר ודס אלמנדס ממערב לניו אורלינס יחד עם מה שמכונה החוף הגרמני.",ערים במערב ניו אורלינס
"עם זאת, הרופא עדיין הניד בראשו. ",רופא
ת'ורן האשים מישהו שעשה לו משהו רע.,האשים מישהו
המוות של גברים הומואים הופך מפוליטי מידי בימינו. ,מוות של גברים הומואים
למלזיה יש נוף דליל ללא יערות.,נוף במלזיה
רכישות משקי בית של מוצרי צריכה עמידים אינן משפיעות על חסכונות FFA.,רכישות משקי בית
הוצאת הכנסות ממס בזמן יכולה לעבוד טוב.,הכנסות ממס
אנחנו יכולים להרשות לעצמנו להשתמט קצת בעולם של היום כי התחרות מאוד חלשה.,תחרות חלשה
המחקר של המכון הלאומי הראה כי לגני ילדים יש השפעה רבה יותר על ילדים מאשר משפחות. ,גני ילדים
מבקרים שיבחו את הבניין שהאדריכל ברטון מאיירס תכנן. ,אדריכלות הבניין
"לפעמים, תיירים אמיצים יצטרפו אליהם.",תיירים אמיצים
אולם האורחים יכול להכיל מאות אנשים.,אורחים
הרגשתי רגועה מאוד בזמן שחיכיתי שהליצן יחזור. ,רגועה בזמן חכות
"""אנחנו כולם כעת עסקיים מדי. הייתי רוצה שנתנהג בצורה יותר רגועה"" אמר טומי",עסקיות יתרה
זה היה פרוטוקול לטיפול בחולי טראומה לגבי אלכוהול וסמים.,טיפול בחולי טראומה
היא הצליחה בניסיון הדיפלומטיה שלה ברמבולייה ולא היה כל סכסוך.,ניסיון דיפלומטי
"ההולנדי, ג'ון, הפך את העיר לפופולרית.",עיר פופולרית
ועדת המשנה ביקשה מאיתנו לבצע משימה מסוימת.,משימה מסוימת
ניתן לראות שם את אורח החיים של פעם.,אורח חיים
בקושי יש שתיית אלכוהול במועדונים ובמכללות.,שתיית אלכוהול
לא היו דיווחים אחרונים על תקריות כרישים.,תקריות כרישים
מר מייס היה צודק לחלוטין.,צדק של מר מייס
רובין אמר שהוא רוצה שהדירקטוריון יהיה איטי. ,הדירקטוריון
לדוט יש את מערכת ה-DOC K ET הכי פחות נרחבת מכל המחלקות.,מערכת DOC K ET
חובה להזמין מצנח רחיפה שבוע מראש.,הזמנת מצנח רחיפה
"הכביש המהיר עובר מערבה, ועוקב אחר מסלול נהר הסיין ברוב דרכו.",כביש מהיר
היא דיברה באנגלית אבל חשבתי שהיא תחלום ברוסית.,שפות דיבור
לא יהיה צורך ברובה ציד בשעה זו.,רובה ציד
דמויות עמוס ואנדי מאוד סובלניות.,דמויות סובלניות
"אם שנאה הדדית של דיסני תביא לשלום במזרח התיכון, זה יהיה מספק.",שלום במזרח התיכון
יש דוכני בשר וחנויות מלאכה בחוץ.,דוכני בשר
עובדי דואר כפרי הם היקרים ביותר להעסקה.,עובדי דואר כפרי
לאקדמיה הצרפתית אין קשר למוסד צרפת.,אקדמיה צרפתית
האורך הנוסף של הקרנבל מאפשר למבקרים רבים יותר להיות שם.,קרנבל
ג'ון פסטיר אינו מתנגד לפרסום בפארקי בייסבול.,פרסום בפארקי בייסבול
תורן התגונן מהתקפות של אישה עם פגיון.,תורן התגונן
"כן, הוא יכול לעשות את זה כאן.",Not clear.
היו לו שלושה סוסים איתו.,סוסים
"סיפור השער טוען שהוא לא מתעניין ב""עיניים עצומות לרווחה"".",סיפור השער
"כלכלנים מצביעים כעת על חוסר הצדק שבסבסוד ההפחתה במספר הרופאים, תוך סירוב בו זמנית לעשות את אותו הדבר עבור מקצועות אחרים, כלכלנים למשל.",חוסר צדק כלכלי
בעיות משפטיות לא מסובכות הן משהו שאנשים בעלי הכנסה נמוכה מתמודדים איתו.,בעיות משפטיות
חורייט הוא סרט סיני.,סרט סיני
כל הפאבים עוצבו בעיצוב אחיד.,עיצוב פאבים
"Medicaid דורש מאנשים לדווח על הוצאות, אם הם לא עושים זאת, פקיד יכול לטפל בכסף כאילו לא הוצא וזה יכול להשפיע על הטבות.",Medicaid הוצאות
לצעירים שחורים יש ראייה טובה יותר מאשר לצעירים לבנים.,ראייה של צעירים
בוש התייצב נגד קלינטון.,בוש וקלינטון
הגלוב מדווח כי אין קשר בין ניוט גינגריץ' לבין מרי.,ניוט גינגריץ'
תיאטרון הנרי מילר ממוקם בעיר ניו יורק.,תיאטרון בניו יורק
סרגו קרא ל-Pig in the City הסרט הטוב ביותר של השנה.,סרטים
אין שיטות במעבדות ,שיטות במעבדות
חלק מהמפורטטים נכשלו בתהליך.,תהליך כישלון
"יש מנגו, דוריאן, רמבוטן ובננה בר בג'ונגל.",פירות בג'ונגל
כמה גוזזים מהגודל המקורי?,גוזזים
סמל המחלקה של חיל הרגלים התשיעי לא אהב שהוא התחלה.,סמל המחלקה
כמעט כולם חוו שינויים רדיקליים במערכות הפוליטיות שלהם מאז 1970.,שינויים פוליטיים
הם שמרו על שביל הכניסה מסודר. ,שביל הכניסה
הדיור המפוקח חשוב למדי לאנשים.,דיור מפוקח
עובדים עדיין יוכלו לטוס חינם כאשר אין כספים לטיסות.,טיסות חינם
מדינות לעולם לא יכולות לעבוד יחד בכלל. ,שיתוף פעולה בין מדינות
הפרטים היו מאוד מעורפלים.,Not clear.
"מהגרים ים תיכוניים זרמו דרומה, על פי מורה הגיאוגרפיה.",מהגרים ים תיכוניים
הזמן הוכיח שהקבוצה שלך טעתה בזה.,טעות קבוצתית
יש שיר על נמל סנטה לוסיה.,נמל סנטה לוסיה
"ברגע שהוא אמר שהוא סר ג'יימס פיל אדג'רטון, טופנס ידעה אם לשים אותו כשחקן או כעורך דין",שחקן או עורך דין
קביעת ההתעללות היא סובייקטיבית מאוד.,התעללות סובייקטיבית
השני היה טוב יותר מהראשון.,השוואת ביצועים
אין בעיות שהארגון צריך להתמודד איתן בכלכלה ופיננסים. ,כלכלה ופיננסים
תגובת התקרית הפדרלית למחשבים נמצאת ב-fedcirc.gov.,תגובה פדרלית
קאדאן היה דחוס כמו חזיר אחרי אכילת נזיד סוס.,דחיסות חזיר
זה קל יותר משחשבתי כאשר מיישמים זאת.,יישום רעיון
הבזיליקה דה סן ויסנטה פחות מעוררת השראה מהקתדרלה,בזיליקה דה סן ויסנטה
הוא עמד לקחת פיקוד על האנשים שהעריצו אותו.,פיקוד על אנשים
הגוף נחלש מחוסר פעילות גופנית. ,חוסר פעילות גופנית
בן פרנקלין ערך את הניסויים שלו כאילו הוא לא מפחד מכלום.,ניסויים של בן פרנקלין
ישנם ניסויים ארוכים לפיילוטים על אסתטיקה,אסתטיקה
דוברווה היה בבעלותו שולחן. ,שולחן
כולם הם עילית.,עילית
הוועדה מצאה שלושה צווים ביצועיים המטילים דרישות הרלוונטיות לכללים אלה.,דרישות ביצועיות
רני הולך ל-ג'וני שאנון.,ג'וני שאנון
צווי נשיאות קודמים הטילו דרישות פרוצדורליות. ,דרישות פרוצדורליות
COPES הוא קורס בן שבעה שבועות שמיידע ומכשיר את בני הזוג שאינם מועסקים.,הכשרת בני זוג
שערוריות בין זוג נשוי הן נוראיות. ,שערוריות בזוגיות
הדוגמנית הופיעה בתוכנית האירוח.,דוגמנית בתוכנית
מייקל קלי מחזיק בתפקיד במשך עשר שנים.,תפקיד מייקל קלי
זרועותיו של ג'ון היו סביב סוזן.,זרועות ג'ון
לא אמורה להיות לנו שום בעיה להשיג את מה שאנחנו צריכים.,השגת צרכים
אני לא הולך לנסות שום דבר או אותך.,Not clear.
חיפשת אותי?,שיחה עם חבר
הדייסה טעמה נורא.,טעימת דייסה
מדד התקציב המאוחד אינו דרך מדויקת לנתח סוגיות ספציפיות של מדיניות פיסקלית פדרלית.,מדיניות פיסקלית
הכתב שלך ביקר בבית חברתה בעבר.,ביקור בבית
בית הקולנוע לייטס האוס הפסיק להקרין סרטים בינלאומיים לפני זמן מה.,הקרנת סרטים
ילדה נכנסה ללידה וילדה במוסך של הוריה. ,ילדה במוסך
תני לי איזה צבע ניטרלי.,צבע ניטרלי
"על מנת שלא ליישם שיטות של מחקר מקרה למוערך מותאם, המוערכים היו צריכים להתאים הערכה נגזרת מסוציולוגית ואנתרופולוגית.",שיטות מחקר
סונדרי צ'וק מתאפיינת בכמה שיבוצי זהב.,שיבוצי זהב
תקשורת אישית עם ס' קומאר. ,תקשורת אישית
אתה תתעניין בגבינות המיושנות.,גבינות מיושנות
סין סגרה את הגבול.,גבול סין
משפחה חשובה יותר מכסף לפי דעתם של הרבה אנשים.,משפחה מול כסף
לא הורשו להיות ספקנים.,הספקנות
צמיחת האמינות מתרחשת בגלל איסוף נתונים טוב.,איסוף נתונים
פלט הוא חישוב שניתן לבטא כמספר במיליונים.,חישוב פלט
היה בזה משהו מטריד ומפחיד.,משהו מטריד
ה-GOP הצליח לגייס 37 מיליון דולר על פי קטע של רויטרס מ-1997. ,GOP גיוס כספים
מר ווייט זרק לי את העיתון משולחן הקפה.,עיתון
אין מוסדות מצפון לטושוגו.,מוסדות מצפון
סרדיר נמצא במרחק של 71.2 מייל מהחוף.,מרחק מהחוף
לא תלמודיים ולא ישועיים מאוד מדוקדקים עם תשומת הלב שלהם לטיעונים.,Not clear.
ארמון מגורים מרשים נמצא מעבר לחומות ולשערים.,ארמון מגורים
"הם פגיעים לניצול במקום העבודה בתעשיות החקלאות, הניקיון, המסעדנות ועבודה יומית",ניצול בעבודה
זאת טענה חשובה כדי לרמוז על קרבה משפחתית.,קרבה משפחתית
התקציב לתוכניות המקומיות ירד בשנת 2001.,תקציב תוכניות מקומיות
"משקי הבית חסכו יותר, מה שפיצה על כך שהממשלה חסכה פחות.",חיסכון משקי הבית
אלה נראים ממש יקרים.,מחירים גבוהים
ל-20 אמנים שונים יש ציורים באוסף.,אומנות ציור
אישה מ-NY נלקחה שלא כהלכה לאלבמה על ידי ציידי ראשים.,חטיפת אישה
"הדמות שלו היתה אנטי-אמריקאית מדי, אמרו המבקרים.",אנטי-אמריקאיות
תושבי אדינבורו.,תושבי אדינבורו
"זה היה בסדר שמישהו גנב את זה ממני, כי שיניתי את התוכן.",גניבה ושינוי תוכן
"בבכורה של תוכנית צ'אט פוליטית בת חצי שעה, רכילאי האינטרנט מאט דראדג' חולב את הסלבריטאות החדשה שלו. ",תוכנית צ'אט פוליטית
ה-FCC מפרסם רק הודעות על הצעת תקנות (NPRM),הצעת תקנות
הוקם מאגר נתונים כדי להפנות בצורה הטובה ביותר את המשאבים שלו.,מאגר נתונים
